[
    {
      "id":4,
      "title":"Update v64",
      "author":"megahakerek",
      "date":"6.11.2025 20:19",
      "thumbnail":"https://i.ibb.co/PsCxx8dq/nb-bg.png",
      "featured":true,
      "content":"<h1>Update v64 - co nowego? </h1><p class='article-meta'>autor: megahakerek 6.11.2025 20:19</p><img src='https://i.ibb.co/PsCxx8dq/nb-bg.png'><hr> <p>W update v64 nie dostaliśmy mało, lecz też nie dużo, bardzo duże zmiany zauważysz po wejściu do lobby, lobby będzie krótko mówiąc inne - zdaniem redaktora gorsze, ale to kwestia przyzwyczajenia, ale my w sekstar premium będziemy oferować wersję niestety nadal z obecnym interfejsem z powodu ograniczeń jego zmian, lecz zaoferujemy naprawdę świetną ofertę! <br> Zmiany które także warto podkreślić, to fakt dodania nowej 1 postaci, i że następny update będzie za miesąc, nie za dwa!</p><hr><p><br>Warto też powiedzieć o nowej postaci: gigi, ta postać cechuje się... Jej szybkością, maks płacze jak widzi, a jej ult wygląda jak ulepszony gadżet lily ten drugi, jeśli dobrze opanujesz gigi do perfekcji, możesz użyć ulta i w 2 sekundy zadać prawi 7k damage i wrócić w bezpieczne miejsce, i farmić ulta z daleka! <br>Jednak warto podkreślić fakt, że równie jak jest dobra, to równie dobrze można ją łatwo skontrować, co w sumie jest plusem bo ma wkurzającą mechanikę :D <br><br><hr>      Tak na koniec chciałbym wam dać bonusowa atrakcja, byście zostali jeszcze trochę na stronie i nabili watchtime dla reklamodawców, zamiast odrazu pędzić na tiktoka, dzięki! </p> <div style='position:relative; display:inline-block; width:550px; height:350px; border:2px solid #5a3a22; font-family:Verdana,sans-serif; text-align:center; background:#f5e4c3; user-select:none; border-radius:12px; box-shadow:inset 0 0 10px #00000080;'><h2 style='margin:10px 0; color:#5a3a22; text-shadow:1px 1px #fff;'>Galaktyczny Klikacz</h2><p style='margin:0; font-size:18px; color:#5a3a22;'>GWIAZDY: <span id='s'>0</span> | G/s: <span id='p'>0</span></p><img style='cursor:pointer; width:150px; height:150px; margin-top:10px; transition:transform 0.1s ease; filter:drop-shadow(0 0 5px #ffc107);' src='https://png.pngtree.com/png-vector/20230328/ourmid/pngtree-galaxy-star-pixel-art-png-image_6668798.png' onclick='c()' onmousedown='this.style.transform=`scale(0.9)`' onmouseup='this.style.transform=`scale(1)`' ondragstart='return false'><div style='position:absolute; bottom:15px; width:100%;'><button id='b1' style='padding:8px 12px; border-radius:8px; border:2px solid #5a3a22; background:#d4a373; color:#fff; cursor:pointer; font-size:14px;' onclick='u1()'>Lepszy Klik (+1)<br>Koszt: <span id='c1'>15</span></button><button id='b2' style='padding:8px 12px; border-radius:8px; border:2px solid #5a3a22; background:#d4a373; color:#fff; cursor:pointer; font-size:14px; margin:0 15px;' onclick='u2()'>Sonda (+1/s)<br>Koszt: <span id='c2'>70</span></button><button id='b3' style='padding:8px 12px; border-radius:8px; border:2px solid #5a3a22; background:#d4a373; color:#fff; cursor:pointer; font-size:14px;' onclick='u3()'>Fabryka (+8/s)<br>Koszt: <span id='c3'>500</span></button></div><img src='data:image/gif;base64,R0lGODlhAQABAIAAAAAAAP///yH5BAEAAAAALAAAAAABAAEAAAIBRAA7' onload='let score=0,power=1,passive=0,cost1=15,cost2=70,cost3=500;ud=()=>{s.innerText=Math.floor(score);p.innerText=passive;c1.innerText=cost1;c2.innerText=cost2;c3.innerText=cost3;b1.disabled=score<cost1;b2.disabled=score<cost2;b3.disabled=score<cost3;};c=()=>{score+=power;ud()};u1=()=>{if(score>=cost1){score-=cost1;power++;cost1=Math.ceil(cost1*1.25);ud()}};u2=()=>{if(score>=cost2){score-=cost2;passive++;cost2=Math.ceil(cost2*1.5);ud()}};u3=()=>{if(score>=cost3){score-=cost3;passive+=8;cost3=Math.ceil(cost3*1.8);ud()}};setInterval(()=>{score+=passive/10;ud()},100);ud();'></div>"
      },
      {
      "id":3,
      "title":"Prosty clicker dla rozlóźnienia",
      "author":"megahakerek",
      "date":"6.11.2025 00:18",
      "thumbnail":"https://i.ibb.co/08f72VJ/proxy-image-11.jpg",
      "featured":false,
      "content":"<h1>Przedstawiam wam prostego clickeram, idk </h1><p class='article-meta'>autor: megahakerek 6.11.2025 15:15</p><img src='https://www.startpage.com/av/proxy-image?piurl=https%3A%2F%2Ftse3.mm.bing.net%2Fth%2Fid%2FOIP.7AdJWAz2PPfduGAQvsXZiQHaEo%3Fpid%3DApi&sp=1762437781Td712e3f12f52032f5db70fdca289ed415685caecf85d085b2c4691baeb55919b'><hr><div style='text-align:center; margin-top:20px;'><button style='background-image:url(&quot;https://i.ibb.co/RKxrz7P/proxy-image.png&quot;); background-size:cover; background-color:transparent; border:none; width:150px; height:150px; cursor:pointer;' onclick='let s=document.getElementById(&quot;score&quot;),d=JSON.parse(s.dataset.json);d.clicks+=d.cpc;s.dataset.json=JSON.stringify(d);s.textContent=Math.floor(d.clicks);'></button><br><br><strong>Kliknięcia: </strong><span id='score' data-json='{&quot;clicks&quot;:0,&quot;cpc&quot;:1,&quot;upgradeCost&quot;:10}'>0</span><hr style='margin:20px 0;'><button id='upgradeBtn' style='font-size:1em; padding:8px 15px; cursor:pointer;' onclick='let s=document.getElementById(&quot;score&quot;),d=JSON.parse(s.dataset.json);if(d.clicks>=d.upgradeCost){d.clicks-=d.upgradeCost;d.cpc++;d.upgradeCost*=1.5;s.dataset.json=JSON.stringify(d);s.textContent=Math.floor(d.clicks);this.textContent=&quot;Ulepsz (+1/klik) Koszt: &quot;+Math.ceil(d.upgradeCost)}else{alert(&quot;Za mało kliknięć!&quot;)}'>Ulepsz (+1/klik) Koszt: 10</button><br><br><button style='font-size:0.9em; padding:5px 10px;' onclick='localStorage.setItem(&quot;clickerSave&quot;, document.getElementById(&quot;score&quot;).dataset.json);alert(&quot;Zapisano!&quot;)'>Zapisz</button> <button style='font-size:0.9em; padding:5px 10px;' onclick='if(confirm(&quot;Czy na pewno chcesz zresetować postęp?&quot;)){localStorage.removeItem(&quot;clickerSave&quot;);location.reload();}'>Resetuj</button><img src='x' style='display:none' onerror='let savedData=localStorage.getItem(&quot;clickerSave&quot;); if(savedData){let s=document.getElementById(&quot;score&quot;), d=JSON.parse(savedData);s.dataset.json=savedData;s.textContent=Math.floor(d.clicks);document.getElementById(&quot;upgradeBtn&quot;).textContent=&quot;Ulepsz (+1/klik) Koszt: &quot;+Math.ceil(d.upgradeCost)}'></div>"
      },
    {
      "id":2,
      "title":"Jak walić konia - lewą ręką",
      "author":"megahakerek",
      "date":"6.11.2025 00:18",
      "thumbnail":"https://i.ibb.co/xSZk43XZ/proxy-image-9.jpg",
      "featured":false,
      "content":"<h1>Jak walić konia - lewą ręką, o tym opowie nasz redaktor </h1><p class='article-meta'>autor: megahakerek 6.11.2025 00:18</p><img src='https://i.ibb.co/xSZk43XZ/proxy-image-9.jpg'><hr> <p>najlepszym sposobem na walenie konia lewą ręką - jak mówi nasz redaktor szanowny pan megahakerek - wystarczy wziąć tubę w lewą dłoń, i mahać tubą góra/dół w szybkim tempie by dojść do eakulacji, powodując w pełni wykonane zadanie i spełnienie, wraz z ulgą poprzez hormonową bombę.</p>"
      },
      {
        "id": 1,
        "title": "Sekstar news - nowa era!",
        "author":"sekstar team©",
        "date": "October 28",
        "thumbnail": "https://i.ibb.co/6c2GjFpS/SEKSTAR-NEWS-start-5-11-2025.png",
        "featured": true,
        "content": "<h1>Sekstar news - nowa era!</h1><p class='article-meta'>autor: megahakerek 5.11.2025</p><img src='https://i.ibb.co/6c2GjFpS/SEKSTAR-NEWS-start-5-11-2025.png' alt='ScaryDoors Event'><p>Niedawno w świecie sekstara zaszły wielkie zmiany - nasz wielki zespół programistów w liczbie dwóch pracował na aktualizacją sekstara przez ponad pół roku, i uznaliśmy że nasza działalność tak się rozrosła, że konieczna będzie strona - więc o to i ona, a wraz z nią custom newsy z świata nulls brawl i sekstara, poradniki i czasem newsy z brawl stars jeśli mają wpływ na null's brawl!</p><hr><p>Nasza redakcja zadbała o najwyższą jakość strony, i najlepsze odczucia z korzystania z moda, włożyliśmy w nią tyle miłości na ile to legalne.<br><br>Planujemy stworzyć angielskie tłumaczenie strony</p><br><hr><br><p>FAQ - WALENIE ŚWIETNYCH PYTAŃ:<br> q: dlaczego ta strona tak chujowo wygląda? Chcę wrócić do zwykłych newsów!<br>a: nie obrażaj :< Staraliśmy się i daliśmy wszystkie siły!<br><br>q: Gdzie mogę kupić świetnego sekstar premium?<br>a: Pracujemy nad jego ofertą.<br><br>q: Jak wam się udało uzyskać taki rozmiar!<br>a: Nie odpowiadamy na pytania personalne związane z naszym życiem i naszymi rozmiarami, to FAQ jest poświęcone działalności sekstara.</p>"
    }
      
]